gemeinde;bezirk;nationalitaet;konfession;anzahl_personen;prozent_personen
Aesch (BL);Bezirk Arlesheim;Schweiz;Evangelisch-reformiert;1692;0.0055844533044649225
Aesch (BL);Bezirk Arlesheim;Schweiz;Römisch-katholisch;2249;0.007422834209067145
Aesch (BL);Bezirk Arlesheim;Schweiz;Christkatholisch;13;4.2906556121775406e-5
Aesch (BL);Bezirk Arlesheim;Schweiz;Unbekannt;4001;0.013205317772555647
Aesch (BL);Bezirk Arlesheim;Ausland;Evangelisch-reformiert;76;2.5083832809653315e-4
Aesch (BL);Bezirk Arlesheim;Ausland;Römisch-katholisch;677;0.002234441422649381
Aesch (BL);Bezirk Arlesheim;Ausland;Christkatholisch;14;4.6207060438835055e-5
Aesch (BL);Bezirk Arlesheim;Ausland;Unbekannt;2330;0.007690175058748977
Allschwil;Bezirk Arlesheim;Schweiz;Evangelisch-reformiert;3400;0.011221714678002799
Allschwil;Bezirk Arlesheim;Schweiz;Römisch-katholisch;3181;0.010498904232566737
Allschwil;Bezirk Arlesheim;Schweiz;Christkatholisch;169;5.577852295830803e-4
Allschwil;Bezirk Arlesheim;Schweiz;Unbekannt;8552;0.028225912919494098
Allschwil;Bezirk Arlesheim;Ausland;Evangelisch-reformiert;233;7.690175058748977e-4
Allschwil;Bezirk Arlesheim;Ausland;Römisch-katholisch;1111;0.0036668602962532677
Allschwil;Bezirk Arlesheim;Ausland;Christkatholisch;49;1.6172471153592268e-4
Allschwil;Bezirk Arlesheim;Ausland;Unbekannt;5547;0.01830789744672986
Arlesheim;Bezirk Arlesheim;Schweiz;Evangelisch-reformiert;1861;0.006142238534048002
Arlesheim;Bezirk Arlesheim;Schweiz;Römisch-katholisch;1751;0.005779183059171441
Arlesheim;Bezirk Arlesheim;Schweiz;Christkatholisch;16;5.280806907295435e-5
Arlesheim;Bezirk Arlesheim;Schweiz;Unbekannt;3705;0.012228368494705991
Arlesheim;Bezirk Arlesheim;Ausland;Evangelisch-reformiert;112;3.6965648351068044e-4
Arlesheim;Bezirk Arlesheim;Ausland;Römisch-katholisch;398;0.0013136007181897393
Arlesheim;Bezirk Arlesheim;Ausland;Christkatholisch;1;3.3005043170596467e-6
Arlesheim;Bezirk Arlesheim;Ausland;Unbekannt;1490;0.004917751432418874
Biel-Benken;Bezirk Arlesheim;Schweiz;Evangelisch-reformiert;1027;0.003389617933620257
Biel-Benken;Bezirk Arlesheim;Schweiz;Römisch-katholisch;591;0.001950598051382251
Biel-Benken;Bezirk Arlesheim;Schweiz;Christkatholisch;10;3.3005043170596465e-5
Biel-Benken;Bezirk Arlesheim;Schweiz;Unbekannt;1326;0.004376468724421091
Biel-Benken;Bezirk Arlesheim;Ausland;Evangelisch-reformiert;28;9.241412087767011e-5
Biel-Benken;Bezirk Arlesheim;Ausland;Römisch-katholisch;91;3.0034589285242783e-4
Biel-Benken;Bezirk Arlesheim;Ausland;Christkatholisch;1;3.3005043170596467e-6
Biel-Benken;Bezirk Arlesheim;Ausland;Unbekannt;451;0.0014885274469939006
Binningen;Bezirk Arlesheim;Schweiz;Evangelisch-reformiert;2973;0.009812399334618329
Binningen;Bezirk Arlesheim;Schweiz;Römisch-katholisch;2041;0.0067363293111187385
Binningen;Bezirk Arlesheim;Schweiz;Christkatholisch;33;1.0891664246296834e-4
Binningen;Bezirk Arlesheim;Schweiz;Unbekannt;6181;0.020400417183745675
Binningen;Bezirk Arlesheim;Ausland;Evangelisch-reformiert;193;6.369973331925118e-4
Binningen;Bezirk Arlesheim;Ausland;Römisch-katholisch;600;0.001980302590235788
Binningen;Bezirk Arlesheim;Ausland;Christkatholisch;10;3.3005043170596465e-5
Binningen;Bezirk Arlesheim;Ausland;Unbekannt;4036;0.013320835423652734
Birsfelden;Bezirk Arlesheim;Schweiz;Evangelisch-reformiert;1596;0.005267604890027196
Birsfelden;Bezirk Arlesheim;Schweiz;Römisch-katholisch;1374;0.004534892931639955
Birsfelden;Bezirk Arlesheim;Schweiz;Christkatholisch;15;4.95075647558947e-5
Birsfelden;Bezirk Arlesheim;Schweiz;Unbekannt;3942;0.013010588017849127
Birsfelden;Bezirk Arlesheim;Ausland;Evangelisch-reformiert;136;4.4886858712011197e-4
Birsfelden;Bezirk Arlesheim;Ausland;Römisch-katholisch;603;0.001990204103186967
Birsfelden;Bezirk Arlesheim;Ausland;Christkatholisch;43;1.419216856335648e-4
Birsfelden;Bezirk Arlesheim;Ausland;Unbekannt;2867;0.009462545877010007
Bottmingen;Bezirk Arlesheim;Schweiz;Evangelisch-reformiert;1359;0.00448538536688406
Bottmingen;Bezirk Arlesheim;Schweiz;Römisch-katholisch;992;0.0032741002825231696
Bottmingen;Bezirk Arlesheim;Schweiz;Christkatholisch;18;5.940907770707364e-5
Bottmingen;Bezirk Arlesheim;Schweiz;Unbekannt;2658;0.008772740474744542
Bottmingen;Bezirk Arlesheim;Ausland;Evangelisch-reformiert;73;2.409368151453542e-4
Bottmingen;Bezirk Arlesheim;Ausland;Römisch-katholisch;275;9.076386871914028e-4
Bottmingen;Bezirk Arlesheim;Ausland;Christkatholisch;18;5.940907770707364e-5
Bottmingen;Bezirk Arlesheim;Ausland;Unbekannt;1641;0.0054161275842948805
Ettingen;Bezirk Arlesheim;Schweiz;Evangelisch-reformiert;1070;0.003531539619253822
Ettingen;Bezirk Arlesheim;Schweiz;Römisch-katholisch;1399;0.004617405539566446
Ettingen;Bezirk Arlesheim;Schweiz;Christkatholisch;5;1.6502521585298232e-5
Ettingen;Bezirk Arlesheim;Schweiz;Unbekannt;2023;0.006676920233411665
Ettingen;Bezirk Arlesheim;Ausland;Evangelisch-reformiert;42;1.3862118131650517e-4
Ettingen;Bezirk Arlesheim;Ausland;Römisch-katholisch;269;8.878356612890449e-4
Ettingen;Bezirk Arlesheim;Ausland;Christkatholisch;8;2.6404034536477173e-5
Ettingen;Bezirk Arlesheim;Ausland;Unbekannt;810;0.002673408496818314
Münchenstein;Bezirk Arlesheim;Schweiz;Evangelisch-reformiert;2195;0.0072446069759459246
Münchenstein;Bezirk Arlesheim;Schweiz;Römisch-katholisch;1664;0.005492039183587252
Münchenstein;Bezirk Arlesheim;Schweiz;Christkatholisch;18;5.940907770707364e-5
Münchenstein;Bezirk Arlesheim;Schweiz;Unbekannt;5029;0.016598236210492962
Münchenstein;Bezirk Arlesheim;Ausland;Evangelisch-reformiert;104;3.4325244897420325e-4
Münchenstein;Bezirk Arlesheim;Ausland;Römisch-katholisch;618;0.0020397116679428617
Münchenstein;Bezirk Arlesheim;Ausland;Christkatholisch;5;1.6502521585298232e-5
Münchenstein;Bezirk Arlesheim;Ausland;Unbekannt;2869;0.009469146885644127
Muttenz;Bezirk Arlesheim;Schweiz;Evangelisch-reformiert;4450;0.014687244210915428
Muttenz;Bezirk Arlesheim;Schweiz;Römisch-katholisch;2651;0.008749636944525123
Muttenz;Bezirk Arlesheim;Schweiz;Christkatholisch;32;1.056161381459087e-4
Muttenz;Bezirk Arlesheim;Schweiz;Unbekannt;6880;0.02270746970137037
Muttenz;Bezirk Arlesheim;Ausland;Evangelisch-reformiert;187;6.17194307290154e-4
Muttenz;Bezirk Arlesheim;Ausland;Römisch-katholisch;871;0.0028747392601589524
Muttenz;Bezirk Arlesheim;Ausland;Christkatholisch;3;9.901512951178941e-6
Muttenz;Bezirk Arlesheim;Ausland;Unbekannt;3210;0.010594618857761466
Oberwil (BL);Bezirk Arlesheim;Schweiz;Evangelisch-reformiert;2197;0.007251207984580044
Oberwil (BL);Bezirk Arlesheim;Schweiz;Römisch-katholisch;1897;0.00626105668946215
Oberwil (BL);Bezirk Arlesheim;Schweiz;Christkatholisch;29;9.571462519472975e-5
Oberwil (BL);Bezirk Arlesheim;Schweiz;Unbekannt;4553;0.015027196155572572
Oberwil (BL);Bezirk Arlesheim;Ausland;Evangelisch-reformiert;101;3.3335093602302433e-4
Oberwil (BL);Bezirk Arlesheim;Ausland;Römisch-katholisch;372;0.0012277876059461886
Oberwil (BL);Bezirk Arlesheim;Ausland;Christkatholisch;9;2.970453885353682e-5
Oberwil (BL);Bezirk Arlesheim;Ausland;Unbekannt;2385;0.007871702796187258
Pfeffingen;Bezirk Arlesheim;Schweiz;Evangelisch-reformiert;459;0.0015149314815303778
Pfeffingen;Bezirk Arlesheim;Schweiz;Römisch-katholisch;595;0.0019638000686504897
Pfeffingen;Bezirk Arlesheim;Schweiz;Christkatholisch;2;6.601008634119293e-6
Pfeffingen;Bezirk Arlesheim;Schweiz;Unbekannt;932;0.003076070023499591
Pfeffingen;Bezirk Arlesheim;Ausland;Evangelisch-reformiert;31;1.0231563382884905e-4
Pfeffingen;Bezirk Arlesheim;Ausland;Römisch-katholisch;64;2.112322762918174e-4
Pfeffingen;Bezirk Arlesheim;Ausland;Unbekannt;333;0.0010990679375808624
Reinach (BL);Bezirk Arlesheim;Schweiz;Evangelisch-reformiert;3604;0.011895017558682967
Reinach (BL);Bezirk Arlesheim;Schweiz;Römisch-katholisch;3530;0.011650780239220553
Reinach (BL);Bezirk Arlesheim;Schweiz;Christkatholisch;40;1.3202017268238586e-4
Reinach (BL);Bezirk Arlesheim;Schweiz;Unbekannt;7907;0.026097087634990628
Reinach (BL);Bezirk Arlesheim;Ausland;Evangelisch-reformiert;159;5.247801864124838e-4
Reinach (BL);Bezirk Arlesheim;Ausland;Römisch-katholisch;772;0.0025479893327700473
Reinach (BL);Bezirk Arlesheim;Ausland;Christkatholisch;3;9.901512951178941e-6
Reinach (BL);Bezirk Arlesheim;Ausland;Unbekannt;4647;0.015337443561376179
Schönenbuch;Bezirk Arlesheim;Schweiz;Evangelisch-reformiert;345;0.001138673989385578
Schönenbuch;Bezirk Arlesheim;Schweiz;Römisch-katholisch;295;9.736487735325958e-4
Schönenbuch;Bezirk Arlesheim;Schweiz;Christkatholisch;10;3.3005043170596465e-5
Schönenbuch;Bezirk Arlesheim;Schweiz;Unbekannt;614;0.0020265096506746232
Schönenbuch;Bezirk Arlesheim;Ausland;Evangelisch-reformiert;12;3.9606051804715763e-5
Schönenbuch;Bezirk Arlesheim;Ausland;Römisch-katholisch;37;1.2211865973120692e-4
Schönenbuch;Bezirk Arlesheim;Ausland;Unbekannt;181;5.97391281387796e-4
Therwil;Bezirk Arlesheim;Schweiz;Evangelisch-reformiert;2163;0.0071389908378000156
Therwil;Bezirk Arlesheim;Schweiz;Römisch-katholisch;2060;0.0067990388931428725
Therwil;Bezirk Arlesheim;Schweiz;Christkatholisch;35;1.1551765109708763e-4
Therwil;Bezirk Arlesheim;Schweiz;Unbekannt;3899;0.012868666332215563
Therwil;Bezirk Arlesheim;Ausland;Evangelisch-reformiert;74;2.4423731946241384e-4
Therwil;Bezirk Arlesheim;Ausland;Römisch-katholisch;378;0.0012475906318485464
Therwil;Bezirk Arlesheim;Ausland;Christkatholisch;14;4.6207060438835055e-5
Therwil;Bezirk Arlesheim;Ausland;Unbekannt;1536;0.005069574631003618
Blauen;Bezirk Laufen;Schweiz;Evangelisch-reformiert;69;2.277347978771156e-4
Blauen;Bezirk Laufen;Schweiz;Römisch-katholisch;312;0.0010297573469226098
Blauen;Bezirk Laufen;Schweiz;Unbekannt;239;7.888205317772556e-4
Blauen;Bezirk Laufen;Ausland;Evangelisch-reformiert;2;6.601008634119293e-6
Blauen;Bezirk Laufen;Ausland;Römisch-katholisch;11;3.6305547487656114e-5
Blauen;Bezirk Laufen;Ausland;Unbekannt;63;2.0793177197475773e-4
Brislach;Bezirk Laufen;Schweiz;Evangelisch-reformiert;202;6.667018720460487e-4
Brislach;Bezirk Laufen;Schweiz;Römisch-katholisch;811;0.0026767090011353737
Brislach;Bezirk Laufen;Schweiz;Christkatholisch;2;6.601008634119293e-6
Brislach;Bezirk Laufen;Schweiz;Unbekannt;531;0.0017525677923586724
Brislach;Bezirk Laufen;Ausland;Evangelisch-reformiert;12;3.9606051804715763e-5
Brislach;Bezirk Laufen;Ausland;Römisch-katholisch;54;1.7822723312122094e-4
Brislach;Bezirk Laufen;Ausland;Christkatholisch;1;3.3005043170596467e-6
Brislach;Bezirk Laufen;Ausland;Unbekannt;183;6.039922900219154e-4
Burg im Leimental;Bezirk Laufen;Schweiz;Evangelisch-reformiert;53;1.7492672880416128e-4
Burg im Leimental;Bezirk Laufen;Schweiz;Römisch-katholisch;68;2.2443429356005598e-4
Burg im Leimental;Bezirk Laufen;Schweiz;Christkatholisch;2;6.601008634119293e-6
Burg im Leimental;Bezirk Laufen;Schweiz;Unbekannt;130;4.290655612177541e-4
Burg im Leimental;Bezirk Laufen;Ausland;Evangelisch-reformiert;1;3.3005043170596467e-6
Burg im Leimental;Bezirk Laufen;Ausland;Römisch-katholisch;4;1.3202017268238587e-5
Burg im Leimental;Bezirk Laufen;Ausland;Christkatholisch;1;3.3005043170596467e-6
Burg im Leimental;Bezirk Laufen;Ausland;Unbekannt;30;9.90151295117894e-5
Dittingen;Bezirk Laufen;Schweiz;Evangelisch-reformiert;59;1.9472975470651916e-4
Dittingen;Bezirk Laufen;Schweiz;Römisch-katholisch;319;0.0010528608771420273
Dittingen;Bezirk Laufen;Schweiz;Christkatholisch;1;3.3005043170596467e-6
Dittingen;Bezirk Laufen;Schweiz;Unbekannt;231;7.624164972407784e-4
Dittingen;Bezirk Laufen;Ausland;Evangelisch-reformiert;7;2.3103530219417528e-5
Dittingen;Bezirk Laufen;Ausland;Römisch-katholisch;23;7.591159929237187e-5
Dittingen;Bezirk Laufen;Ausland;Christkatholisch;1;3.3005043170596467e-6
Dittingen;Bezirk Laufen;Ausland;Unbekannt;108;3.5645446624244187e-4
Duggingen;Bezirk Laufen;Schweiz;Evangelisch-reformiert;247;8.152245663137327e-4
Duggingen;Bezirk Laufen;Schweiz;Römisch-katholisch;357;0.0011782800411902939
Duggingen;Bezirk Laufen;Schweiz;Christkatholisch;3;9.901512951178941e-6
Duggingen;Bezirk Laufen;Schweiz;Unbekannt;648;0.002138726797454651
Duggingen;Bezirk Laufen;Ausland;Evangelisch-reformiert;16;5.280806907295435e-5
Duggingen;Bezirk Laufen;Ausland;Römisch-katholisch;58;1.914292503894595e-4
Duggingen;Bezirk Laufen;Ausland;Unbekannt;292;9.637472605814168e-4
Grellingen;Bezirk Laufen;Schweiz;Evangelisch-reformiert;256;8.449291051672695e-4
Grellingen;Bezirk Laufen;Schweiz;Römisch-katholisch;368;0.00121458558867795
Grellingen;Bezirk Laufen;Schweiz;Christkatholisch;6;1.9803025902357882e-5
Grellingen;Bezirk Laufen;Schweiz;Unbekannt;737;0.0024324716816729597
Grellingen;Bezirk Laufen;Ausland;Evangelisch-reformiert;17;5.6108573390013996e-5
Grellingen;Bezirk Laufen;Ausland;Römisch-katholisch;134;4.4226757848599266e-4
Grellingen;Bezirk Laufen;Ausland;Christkatholisch;1;3.3005043170596467e-6
Grellingen;Bezirk Laufen;Ausland;Unbekannt;464;0.001531434003115676
Laufen;Bezirk Laufen;Schweiz;Evangelisch-reformiert;605;0.001996805111821086
Laufen;Bezirk Laufen;Schweiz;Römisch-katholisch;1987;0.006558102077997518
Laufen;Bezirk Laufen;Schweiz;Christkatholisch;50;1.6502521585298234e-4
Laufen;Bezirk Laufen;Schweiz;Unbekannt;1660;0.0054788371663190135
Laufen;Bezirk Laufen;Ausland;Evangelisch-reformiert;40;1.3202017268238586e-4
Laufen;Bezirk Laufen;Ausland;Römisch-katholisch;524;0.001729464262139255
Laufen;Bezirk Laufen;Ausland;Christkatholisch;3;9.901512951178941e-6
Laufen;Bezirk Laufen;Ausland;Unbekannt;1211;0.003996910727959232
Liesberg;Bezirk Laufen;Schweiz;Evangelisch-reformiert;133;4.38967074168933e-4
Liesberg;Bezirk Laufen;Schweiz;Römisch-katholisch;477;0.0015743405592374515
Liesberg;Bezirk Laufen;Schweiz;Christkatholisch;1;3.3005043170596467e-6
Liesberg;Bezirk Laufen;Schweiz;Unbekannt;330;0.0010891664246296833
Liesberg;Bezirk Laufen;Ausland;Evangelisch-reformiert;14;4.6207060438835055e-5
Liesberg;Bezirk Laufen;Ausland;Römisch-katholisch;29;9.571462519472975e-5
Liesberg;Bezirk Laufen;Ausland;Unbekannt;132;4.3566656985187334e-4
Nenzlingen;Bezirk Laufen;Schweiz;Evangelisch-reformiert;71;2.3433580651123492e-4
Nenzlingen;Bezirk Laufen;Schweiz;Römisch-katholisch;169;5.577852295830803e-4
Nenzlingen;Bezirk Laufen;Schweiz;Unbekannt;146;4.818736302907084e-4
Nenzlingen;Bezirk Laufen;Ausland;Evangelisch-reformiert;9;2.970453885353682e-5
Nenzlingen;Bezirk Laufen;Ausland;Römisch-katholisch;11;3.6305547487656114e-5
Nenzlingen;Bezirk Laufen;Ausland;Unbekannt;58;1.914292503894595e-4
Roggenburg;Bezirk Laufen;Schweiz;Evangelisch-reformiert;31;1.0231563382884905e-4
Roggenburg;Bezirk Laufen;Schweiz;Römisch-katholisch;88;2.904443799012489e-4
Roggenburg;Bezirk Laufen;Schweiz;Unbekannt;105;3.465529532912629e-4
Roggenburg;Bezirk Laufen;Ausland;Römisch-katholisch;3;9.901512951178941e-6
Roggenburg;Bezirk Laufen;Ausland;Unbekannt;24;7.921210360943153e-5
Röschenz;Bezirk Laufen;Schweiz;Evangelisch-reformiert;217;7.162094368019433e-4
Röschenz;Bezirk Laufen;Schweiz;Römisch-katholisch;970;0.0032014891875478575
Röschenz;Bezirk Laufen;Schweiz;Christkatholisch;8;2.6404034536477173e-5
Röschenz;Bezirk Laufen;Schweiz;Unbekannt;520;0.0017162622448710163
Röschenz;Bezirk Laufen;Ausland;Evangelisch-reformiert;7;2.3103530219417528e-5
Röschenz;Bezirk Laufen;Ausland;Römisch-katholisch;54;1.7822723312122094e-4
Röschenz;Bezirk Laufen;Ausland;Christkatholisch;1;3.3005043170596467e-6
Röschenz;Bezirk Laufen;Ausland;Unbekannt;153;5.049771605101259e-4
Wahlen;Bezirk Laufen;Schweiz;Evangelisch-reformiert;197;6.501993504607504e-4
Wahlen;Bezirk Laufen;Schweiz;Römisch-katholisch;679;0.0022410424312835
Wahlen;Bezirk Laufen;Schweiz;Christkatholisch;11;3.6305547487656114e-5
Wahlen;Bezirk Laufen;Schweiz;Unbekannt;436;0.0014390198822380059
Wahlen;Bezirk Laufen;Ausland;Evangelisch-reformiert;8;2.6404034536477173e-5
Wahlen;Bezirk Laufen;Ausland;Römisch-katholisch;62;2.046312676576981e-4
Wahlen;Bezirk Laufen;Ausland;Unbekannt;227;7.492144799725398e-4
Zwingen;Bezirk Laufen;Schweiz;Evangelisch-reformiert;265;8.746336440208064e-4
Zwingen;Bezirk Laufen;Schweiz;Römisch-katholisch;689;0.0022740474744540966
Zwingen;Bezirk Laufen;Schweiz;Christkatholisch;6;1.9803025902357882e-5
Zwingen;Bezirk Laufen;Schweiz;Unbekannt;1120;0.0036965648351068043
Zwingen;Bezirk Laufen;Ausland;Evangelisch-reformiert;16;5.280806907295435e-5
Zwingen;Bezirk Laufen;Ausland;Römisch-katholisch;156;5.148786734613049e-4
Zwingen;Bezirk Laufen;Ausland;Christkatholisch;1;3.3005043170596467e-6
Zwingen;Bezirk Laufen;Ausland;Unbekannt;643;0.0021222242758693528
Arisdorf;Bezirk Liestal;Schweiz;Evangelisch-reformiert;605;0.001996805111821086
Arisdorf;Bezirk Liestal;Schweiz;Römisch-katholisch;213;7.030074195337047e-4
Arisdorf;Bezirk Liestal;Schweiz;Christkatholisch;5;1.6502521585298232e-5
Arisdorf;Bezirk Liestal;Schweiz;Unbekannt;669;0.0022080373881129037
Arisdorf;Bezirk Liestal;Ausland;Evangelisch-reformiert;24;7.921210360943153e-5
Arisdorf;Bezirk Liestal;Ausland;Römisch-katholisch;45;1.485226942676841e-4
Arisdorf;Bezirk Liestal;Ausland;Christkatholisch;1;3.3005043170596467e-6
Arisdorf;Bezirk Liestal;Ausland;Unbekannt;219;7.228104454360627e-4
Augst;Bezirk Liestal;Schweiz;Evangelisch-reformiert;248;8.185250706307924e-4
Augst;Bezirk Liestal;Schweiz;Römisch-katholisch;152;5.016766561930663e-4
Augst;Bezirk Liestal;Schweiz;Unbekannt;380;0.0012541916404826658
Augst;Bezirk Liestal;Ausland;Evangelisch-reformiert;16;5.280806907295435e-5
Augst;Bezirk Liestal;Ausland;Römisch-katholisch;47;1.551237029018034e-4
Augst;Bezirk Liestal;Ausland;Christkatholisch;1;3.3005043170596467e-6
Augst;Bezirk Liestal;Ausland;Unbekannt;254;8.383280965331502e-4
Bubendorf;Bezirk Liestal;Schweiz;Evangelisch-reformiert;1787;0.005898001214585589
Bubendorf;Bezirk Liestal;Schweiz;Römisch-katholisch;507;0.0016733556887492409
Bubendorf;Bezirk Liestal;Schweiz;Christkatholisch;7;2.3103530219417528e-5
Bubendorf;Bezirk Liestal;Schweiz;Unbekannt;1362;0.004495286879835239
Bubendorf;Bezirk Liestal;Ausland;Evangelisch-reformiert;31;1.0231563382884905e-4
Bubendorf;Bezirk Liestal;Ausland;Römisch-katholisch;178;5.874897684366171e-4
Bubendorf;Bezirk Liestal;Ausland;Christkatholisch;13;4.2906556121775406e-5
Bubendorf;Bezirk Liestal;Ausland;Unbekannt;639;0.0021090222586011144
Frenkendorf;Bezirk Liestal;Schweiz;Evangelisch-reformiert;1520;0.005016766561930663
Frenkendorf;Bezirk Liestal;Schweiz;Römisch-katholisch;708;0.0023367570564782297
Frenkendorf;Bezirk Liestal;Schweiz;Christkatholisch;10;3.3005043170596465e-5
Frenkendorf;Bezirk Liestal;Schweiz;Unbekannt;1995;0.0065845061125339955
Frenkendorf;Bezirk Liestal;Ausland;Evangelisch-reformiert;70;2.3103530219417527e-4
Frenkendorf;Bezirk Liestal;Ausland;Römisch-katholisch;596;0.0019671005729675495
Frenkendorf;Bezirk Liestal;Ausland;Christkatholisch;9;2.970453885353682e-5
Frenkendorf;Bezirk Liestal;Ausland;Unbekannt;1791;0.005911203231853827
Füllinsdorf;Bezirk Liestal;Schweiz;Evangelisch-reformiert;1112;0.003670160800570327
Füllinsdorf;Bezirk Liestal;Schweiz;Römisch-katholisch;546;0.001802075357114567
Füllinsdorf;Bezirk Liestal;Schweiz;Christkatholisch;6;1.9803025902357882e-5
Füllinsdorf;Bezirk Liestal;Schweiz;Unbekannt;1541;0.005086077152588916
Füllinsdorf;Bezirk Liestal;Ausland;Evangelisch-reformiert;54;1.7822723312122094e-4
Füllinsdorf;Bezirk Liestal;Ausland;Römisch-katholisch;366;0.0012079845800438307
Füllinsdorf;Bezirk Liestal;Ausland;Christkatholisch;5;1.6502521585298232e-5
Füllinsdorf;Bezirk Liestal;Ausland;Unbekannt;1151;0.0037988804689356535
Giebenach;Bezirk Liestal;Schweiz;Evangelisch-reformiert;241;7.954215404113749e-4
Giebenach;Bezirk Liestal;Schweiz;Römisch-katholisch;151;4.983761518760067e-4
Giebenach;Bezirk Liestal;Schweiz;Christkatholisch;2;6.601008634119293e-6
Giebenach;Bezirk Liestal;Schweiz;Unbekannt;437;0.0014423203865550657
Giebenach;Bezirk Liestal;Ausland;Evangelisch-reformiert;18;5.940907770707364e-5
Giebenach;Bezirk Liestal;Ausland;Römisch-katholisch;70;2.3103530219417527e-4
Giebenach;Bezirk Liestal;Ausland;Christkatholisch;2;6.601008634119293e-6
Giebenach;Bezirk Liestal;Ausland;Unbekannt;224;7.393129670213609e-4
Hersberg;Bezirk Liestal;Schweiz;Evangelisch-reformiert;146;4.818736302907084e-4
Hersberg;Bezirk Liestal;Schweiz;Römisch-katholisch;43;1.419216856335648e-4
Hersberg;Bezirk Liestal;Schweiz;Christkatholisch;1;3.3005043170596467e-6
Hersberg;Bezirk Liestal;Schweiz;Unbekannt;148;4.884746389248277e-4
Hersberg;Bezirk Liestal;Ausland;Evangelisch-reformiert;6;1.9803025902357882e-5
Hersberg;Bezirk Liestal;Ausland;Römisch-katholisch;20;6.601008634119293e-5
Hersberg;Bezirk Liestal;Ausland;Unbekannt;31;1.0231563382884905e-4
Lausen;Bezirk Liestal;Schweiz;Evangelisch-reformiert;1564;0.0051619887518812874
Lausen;Bezirk Liestal;Schweiz;Römisch-katholisch;699;0.002307052517624693
Lausen;Bezirk Liestal;Schweiz;Christkatholisch;6;1.9803025902357882e-5
Lausen;Bezirk Liestal;Schweiz;Unbekannt;1897;0.00626105668946215
Lausen;Bezirk Liestal;Ausland;Evangelisch-reformiert;49;1.6172471153592268e-4
Lausen;Bezirk Liestal;Ausland;Römisch-katholisch;475;0.001567739550603332
Lausen;Bezirk Liestal;Ausland;Christkatholisch;8;2.6404034536477173e-5
Lausen;Bezirk Liestal;Ausland;Unbekannt;1242;0.004099226361788081
Liestal;Bezirk Liestal;Schweiz;Evangelisch-reformiert;3978;0.013129406173263275
Liestal;Bezirk Liestal;Schweiz;Römisch-katholisch;1953;0.00644588493121749
Liestal;Bezirk Liestal;Schweiz;Christkatholisch;37;1.2211865973120692e-4
Liestal;Bezirk Liestal;Schweiz;Unbekannt;5104;0.016845774034272436
Liestal;Bezirk Liestal;Ausland;Evangelisch-reformiert;156;5.148786734613049e-4
Liestal;Bezirk Liestal;Ausland;Römisch-katholisch;1060;0.0034985345760832256
Liestal;Bezirk Liestal;Ausland;Christkatholisch;17;5.6108573390013996e-5
Liestal;Bezirk Liestal;Ausland;Unbekannt;3794;0.0125221133789243
Lupsingen;Bezirk Liestal;Schweiz;Evangelisch-reformiert;561;0.0018515829218704617
Lupsingen;Bezirk Liestal;Schweiz;Römisch-katholisch;206;6.799038893142872e-4
Lupsingen;Bezirk Liestal;Schweiz;Christkatholisch;7;2.3103530219417528e-5
Lupsingen;Bezirk Liestal;Schweiz;Unbekannt;578;0.0019076914952604758
Lupsingen;Bezirk Liestal;Ausland;Evangelisch-reformiert;18;5.940907770707364e-5
Lupsingen;Bezirk Liestal;Ausland;Römisch-katholisch;51;1.68325720170042e-4
Lupsingen;Bezirk Liestal;Ausland;Christkatholisch;5;1.6502521585298232e-5
Lupsingen;Bezirk Liestal;Ausland;Unbekannt;128;4.224645525836348e-4
Pratteln;Bezirk Liestal;Schweiz;Evangelisch-reformiert;2902;0.009578063528107094
Pratteln;Bezirk Liestal;Schweiz;Römisch-katholisch;1680;0.0055448472526602064
Pratteln;Bezirk Liestal;Schweiz;Christkatholisch;32;1.056161381459087e-4
Pratteln;Bezirk Liestal;Schweiz;Unbekannt;5013;0.01654542814142001
Pratteln;Bezirk Liestal;Ausland;Evangelisch-reformiert;150;4.95075647558947e-4
Pratteln;Bezirk Liestal;Ausland;Römisch-katholisch;1432;0.004726322182029414
Pratteln;Bezirk Liestal;Ausland;Christkatholisch;26;8.581311224355081e-5
Pratteln;Bezirk Liestal;Ausland;Unbekannt;5526;0.018238586856071607
Ramlinsburg;Bezirk Liestal;Schweiz;Evangelisch-reformiert;268;8.845351569719853e-4
Ramlinsburg;Bezirk Liestal;Schweiz;Römisch-katholisch;84;2.7724236263301034e-4
Ramlinsburg;Bezirk Liestal;Schweiz;Christkatholisch;1;3.3005043170596467e-6
Ramlinsburg;Bezirk Liestal;Schweiz;Unbekannt;281;9.274417130937607e-4
Ramlinsburg;Bezirk Liestal;Ausland;Evangelisch-reformiert;5;1.6502521585298232e-5
Ramlinsburg;Bezirk Liestal;Ausland;Römisch-katholisch;19;6.270958202413329e-5
Ramlinsburg;Bezirk Liestal;Ausland;Unbekannt;82;2.7064135399889103e-4
Seltisberg;Bezirk Liestal;Schweiz;Evangelisch-reformiert;617;0.002036411163625802
Seltisberg;Bezirk Liestal;Schweiz;Römisch-katholisch;185;6.105932986560347e-4
Seltisberg;Bezirk Liestal;Schweiz;Christkatholisch;4;1.3202017268238587e-5
Seltisberg;Bezirk Liestal;Schweiz;Unbekannt;410;0.0013532067699944552
Seltisberg;Bezirk Liestal;Ausland;Evangelisch-reformiert;10;3.3005043170596465e-5
Seltisberg;Bezirk Liestal;Ausland;Römisch-katholisch;30;9.90151295117894e-5
Seltisberg;Bezirk Liestal;Ausland;Unbekannt;80;2.640403453647717e-4
Ziefen;Bezirk Liestal;Schweiz;Evangelisch-reformiert;765;0.00252488580255063
Ziefen;Bezirk Liestal;Schweiz;Römisch-katholisch;170;5.610857339001399e-4
Ziefen;Bezirk Liestal;Schweiz;Christkatholisch;1;3.3005043170596467e-6
Ziefen;Bezirk Liestal;Schweiz;Unbekannt;557;0.0018383809046022231
Ziefen;Bezirk Liestal;Ausland;Evangelisch-reformiert;14;4.6207060438835055e-5
Ziefen;Bezirk Liestal;Ausland;Römisch-katholisch;27;8.911361656061047e-5
Ziefen;Bezirk Liestal;Ausland;Christkatholisch;1;3.3005043170596467e-6
Ziefen;Bezirk Liestal;Ausland;Unbekannt;156;5.148786734613049e-4
Anwil;Bezirk Sissach;Schweiz;Evangelisch-reformiert;265;8.746336440208064e-4
Anwil;Bezirk Sissach;Schweiz;Römisch-katholisch;40;1.3202017268238586e-4
Anwil;Bezirk Sissach;Schweiz;Christkatholisch;4;1.3202017268238587e-5
Anwil;Bezirk Sissach;Schweiz;Unbekannt;200;6.601008634119294e-4
Anwil;Bezirk Sissach;Ausland;Evangelisch-reformiert;4;1.3202017268238587e-5
Anwil;Bezirk Sissach;Ausland;Römisch-katholisch;10;3.3005043170596465e-5
Anwil;Bezirk Sissach;Ausland;Unbekannt;28;9.241412087767011e-5
Böckten;Bezirk Sissach;Schweiz;Evangelisch-reformiert;367;0.0012112850843608903
Böckten;Bezirk Sissach;Schweiz;Römisch-katholisch;95;3.1354791012066645e-4
Böckten;Bezirk Sissach;Schweiz;Christkatholisch;1;3.3005043170596467e-6
Böckten;Bezirk Sissach;Schweiz;Unbekannt;274;9.043381828743432e-4
Böckten;Bezirk Sissach;Ausland;Evangelisch-reformiert;14;4.6207060438835055e-5
Böckten;Bezirk Sissach;Ausland;Römisch-katholisch;23;7.591159929237187e-5
Böckten;Bezirk Sissach;Ausland;Unbekannt;100;3.300504317059647e-4
Buckten;Bezirk Sissach;Schweiz;Evangelisch-reformiert;293;9.670477648984764e-4
Buckten;Bezirk Sissach;Schweiz;Römisch-katholisch;60;1.980302590235788e-4
Buckten;Bezirk Sissach;Schweiz;Christkatholisch;1;3.3005043170596467e-6
Buckten;Bezirk Sissach;Schweiz;Unbekannt;222;7.327119583872416e-4
Buckten;Bezirk Sissach;Ausland;Evangelisch-reformiert;14;4.6207060438835055e-5
Buckten;Bezirk Sissach;Ausland;Römisch-katholisch;23;7.591159929237187e-5
Buckten;Bezirk Sissach;Ausland;Christkatholisch;6;1.9803025902357882e-5
Buckten;Bezirk Sissach;Ausland;Unbekannt;112;3.6965648351068044e-4
Buus;Bezirk Sissach;Schweiz;Evangelisch-reformiert;541;0.0017855728355292688
Buus;Bezirk Sissach;Schweiz;Römisch-katholisch;95;3.1354791012066645e-4
Buus;Bezirk Sissach;Schweiz;Christkatholisch;6;1.9803025902357882e-5
Buus;Bezirk Sissach;Schweiz;Unbekannt;323;0.001066062894410266
Buus;Bezirk Sissach;Ausland;Evangelisch-reformiert;7;2.3103530219417528e-5
Buus;Bezirk Sissach;Ausland;Römisch-katholisch;26;8.581311224355081e-5
Buus;Bezirk Sissach;Ausland;Unbekannt;139;4.587701000712909e-4
Diepflingen;Bezirk Sissach;Schweiz;Evangelisch-reformiert;319;0.0010528608771420273
Diepflingen;Bezirk Sissach;Schweiz;Römisch-katholisch;94;3.102474058036068e-4
Diepflingen;Bezirk Sissach;Schweiz;Christkatholisch;4;1.3202017268238587e-5
Diepflingen;Bezirk Sissach;Schweiz;Unbekannt;264;8.713331397037467e-4
Diepflingen;Bezirk Sissach;Ausland;Evangelisch-reformiert;10;3.3005043170596465e-5
Diepflingen;Bezirk Sissach;Ausland;Römisch-katholisch;49;1.6172471153592268e-4
Diepflingen;Bezirk Sissach;Ausland;Unbekannt;100;3.300504317059647e-4
Gelterkinden;Bezirk Sissach;Schweiz;Evangelisch-reformiert;2496;0.008238058775380879
Gelterkinden;Bezirk Sissach;Schweiz;Römisch-katholisch;731;0.0024126686557706016
Gelterkinden;Bezirk Sissach;Schweiz;Christkatholisch;7;2.3103530219417528e-5
Gelterkinden;Bezirk Sissach;Schweiz;Unbekannt;1930;0.006369973331925118
Gelterkinden;Bezirk Sissach;Ausland;Evangelisch-reformiert;71;2.3433580651123492e-4
Gelterkinden;Bezirk Sissach;Ausland;Römisch-katholisch;252;8.317270878990309e-4
Gelterkinden;Bezirk Sissach;Ausland;Christkatholisch;1;3.3005043170596467e-6
Gelterkinden;Bezirk Sissach;Ausland;Unbekannt;973;0.003211390700499036
Häfelfingen;Bezirk Sissach;Schweiz;Evangelisch-reformiert;123;4.0596203099833655e-4
Häfelfingen;Bezirk Sissach;Schweiz;Römisch-katholisch;20;6.601008634119293e-5
Häfelfingen;Bezirk Sissach;Schweiz;Christkatholisch;1;3.3005043170596467e-6
Häfelfingen;Bezirk Sissach;Schweiz;Unbekannt;73;2.409368151453542e-4
Häfelfingen;Bezirk Sissach;Ausland;Evangelisch-reformiert;10;3.3005043170596465e-5
Häfelfingen;Bezirk Sissach;Ausland;Römisch-katholisch;8;2.6404034536477173e-5
Häfelfingen;Bezirk Sissach;Ausland;Unbekannt;16;5.280806907295435e-5
Hemmiken;Bezirk Sissach;Schweiz;Evangelisch-reformiert;142;4.6867161302246985e-4
Hemmiken;Bezirk Sissach;Schweiz;Römisch-katholisch;22;7.261109497531223e-5
Hemmiken;Bezirk Sissach;Schweiz;Christkatholisch;1;3.3005043170596467e-6
Hemmiken;Bezirk Sissach;Schweiz;Unbekannt;83;2.739418583159507e-4
Hemmiken;Bezirk Sissach;Ausland;Evangelisch-reformiert;1;3.3005043170596467e-6
Hemmiken;Bezirk Sissach;Ausland;Römisch-katholisch;2;6.601008634119293e-6
Hemmiken;Bezirk Sissach;Ausland;Unbekannt;16;5.280806907295435e-5
Itingen;Bezirk Sissach;Schweiz;Evangelisch-reformiert;739;0.002439072690307079
Itingen;Bezirk Sissach;Schweiz;Römisch-katholisch;277;9.142396958255222e-4
Itingen;Bezirk Sissach;Schweiz;Christkatholisch;3;9.901512951178941e-6
Itingen;Bezirk Sissach;Schweiz;Unbekannt;919;0.0030331634673778154
Itingen;Bezirk Sissach;Ausland;Evangelisch-reformiert;14;4.6207060438835055e-5
Itingen;Bezirk Sissach;Ausland;Römisch-katholisch;164;5.412827079977821e-4
Itingen;Bezirk Sissach;Ausland;Christkatholisch;2;6.601008634119293e-6
Itingen;Bezirk Sissach;Ausland;Unbekannt;361;0.0011914820584585325
Känerkinden;Bezirk Sissach;Schweiz;Evangelisch-reformiert;239;7.888205317772556e-4
Känerkinden;Bezirk Sissach;Schweiz;Römisch-katholisch;42;1.3862118131650517e-4
Känerkinden;Bezirk Sissach;Schweiz;Christkatholisch;1;3.3005043170596467e-6
Känerkinden;Bezirk Sissach;Schweiz;Unbekannt;175;5.775882554854382e-4
Känerkinden;Bezirk Sissach;Ausland;Evangelisch-reformiert;6;1.9803025902357882e-5
Känerkinden;Bezirk Sissach;Ausland;Römisch-katholisch;16;5.280806907295435e-5
Känerkinden;Bezirk Sissach;Ausland;Unbekannt;52;1.7162622448710162e-4
Kilchberg (BL);Bezirk Sissach;Schweiz;Evangelisch-reformiert;97;3.201489187547857e-4
Kilchberg (BL);Bezirk Sissach;Schweiz;Römisch-katholisch;14;4.6207060438835055e-5
Kilchberg (BL);Bezirk Sissach;Schweiz;Christkatholisch;2;6.601008634119293e-6
Kilchberg (BL);Bezirk Sissach;Schweiz;Unbekannt;47;1.551237029018034e-4
Kilchberg (BL);Bezirk Sissach;Ausland;Evangelisch-reformiert;1;3.3005043170596467e-6
Kilchberg (BL);Bezirk Sissach;Ausland;Römisch-katholisch;4;1.3202017268238587e-5
Kilchberg (BL);Bezirk Sissach;Ausland;Unbekannt;12;3.9606051804715763e-5
Läufelfingen;Bezirk Sissach;Schweiz;Evangelisch-reformiert;511;0.0016865577060174795
Läufelfingen;Bezirk Sissach;Schweiz;Römisch-katholisch;170;5.610857339001399e-4
Läufelfingen;Bezirk Sissach;Schweiz;Christkatholisch;3;9.901512951178941e-6
Läufelfingen;Bezirk Sissach;Schweiz;Unbekannt;518;0.001709661236236897
Läufelfingen;Bezirk Sissach;Ausland;Evangelisch-reformiert;7;2.3103530219417528e-5
Läufelfingen;Bezirk Sissach;Ausland;Römisch-katholisch;51;1.68325720170042e-4
Läufelfingen;Bezirk Sissach;Ausland;Christkatholisch;1;3.3005043170596467e-6
Läufelfingen;Bezirk Sissach;Ausland;Unbekannt;158;5.214796820954241e-4
Maisprach;Bezirk Sissach;Schweiz;Evangelisch-reformiert;409;0.0013499062656773956
Maisprach;Bezirk Sissach;Schweiz;Römisch-katholisch;87;2.8714387558418926e-4
Maisprach;Bezirk Sissach;Schweiz;Christkatholisch;6;1.9803025902357882e-5
Maisprach;Bezirk Sissach;Schweiz;Unbekannt;288;9.505452433131782e-4
Maisprach;Bezirk Sissach;Ausland;Evangelisch-reformiert;16;5.280806907295435e-5
Maisprach;Bezirk Sissach;Ausland;Römisch-katholisch;14;4.6207060438835055e-5
Maisprach;Bezirk Sissach;Ausland;Christkatholisch;1;3.3005043170596467e-6
Maisprach;Bezirk Sissach;Ausland;Unbekannt;151;4.983761518760067e-4
Nusshof;Bezirk Sissach;Schweiz;Evangelisch-reformiert;89;2.9374488421830857e-4
Nusshof;Bezirk Sissach;Schweiz;Römisch-katholisch;32;1.056161381459087e-4
Nusshof;Bezirk Sissach;Schweiz;Christkatholisch;1;3.3005043170596467e-6
Nusshof;Bezirk Sissach;Schweiz;Unbekannt;121;3.9936102236421724e-4
Nusshof;Bezirk Sissach;Ausland;Evangelisch-reformiert;4;1.3202017268238587e-5
Nusshof;Bezirk Sissach;Ausland;Römisch-katholisch;4;1.3202017268238587e-5
Nusshof;Bezirk Sissach;Ausland;Christkatholisch;1;3.3005043170596467e-6
Nusshof;Bezirk Sissach;Ausland;Unbekannt;35;1.1551765109708763e-4
Oltingen;Bezirk Sissach;Schweiz;Evangelisch-reformiert;288;9.505452433131782e-4
Oltingen;Bezirk Sissach;Schweiz;Römisch-katholisch;33;1.0891664246296834e-4
Oltingen;Bezirk Sissach;Schweiz;Christkatholisch;1;3.3005043170596467e-6
Oltingen;Bezirk Sissach;Schweiz;Unbekannt;172;5.676867425342592e-4
Oltingen;Bezirk Sissach;Ausland;Evangelisch-reformiert;3;9.901512951178941e-6
Oltingen;Bezirk Sissach;Ausland;Römisch-katholisch;7;2.3103530219417528e-5
Oltingen;Bezirk Sissach;Ausland;Unbekannt;32;1.056161381459087e-4
Ormalingen;Bezirk Sissach;Schweiz;Evangelisch-reformiert;1125;0.0037130673566921025
Ormalingen;Bezirk Sissach;Schweiz;Römisch-katholisch;250;8.251260792649117e-4
Ormalingen;Bezirk Sissach;Schweiz;Christkatholisch;4;1.3202017268238587e-5
Ormalingen;Bezirk Sissach;Schweiz;Unbekannt;686;0.0022641459615029176
Ormalingen;Bezirk Sissach;Ausland;Evangelisch-reformiert;16;5.280806907295435e-5
Ormalingen;Bezirk Sissach;Ausland;Römisch-katholisch;80;2.640403453647717e-4
Ormalingen;Bezirk Sissach;Ausland;Christkatholisch;11;3.6305547487656114e-5
Ormalingen;Bezirk Sissach;Ausland;Unbekannt;238;7.85520027460196e-4
Rickenbach (BL);Bezirk Sissach;Schweiz;Evangelisch-reformiert;274;9.043381828743432e-4
Rickenbach (BL);Bezirk Sissach;Schweiz;Römisch-katholisch;77;2.541388324135928e-4
Rickenbach (BL);Bezirk Sissach;Schweiz;Christkatholisch;2;6.601008634119293e-6
Rickenbach (BL);Bezirk Sissach;Schweiz;Unbekannt;163;5.379822036807225e-4
Rickenbach (BL);Bezirk Sissach;Ausland;Evangelisch-reformiert;4;1.3202017268238587e-5
Rickenbach (BL);Bezirk Sissach;Ausland;Römisch-katholisch;15;4.95075647558947e-5
Rickenbach (BL);Bezirk Sissach;Ausland;Unbekannt;37;1.2211865973120692e-4
Rothenfluh;Bezirk Sissach;Schweiz;Evangelisch-reformiert;375;0.0012376891188973676
Rothenfluh;Bezirk Sissach;Schweiz;Römisch-katholisch;56;1.8482824175534022e-4
Rothenfluh;Bezirk Sissach;Schweiz;Unbekannt;250;8.251260792649117e-4
Rothenfluh;Bezirk Sissach;Ausland;Evangelisch-reformiert;4;1.3202017268238587e-5
Rothenfluh;Bezirk Sissach;Ausland;Römisch-katholisch;21;6.931059065825259e-5
Rothenfluh;Bezirk Sissach;Ausland;Unbekannt;91;3.0034589285242783e-4
Rümlingen;Bezirk Sissach;Schweiz;Evangelisch-reformiert;156;5.148786734613049e-4
Rümlingen;Bezirk Sissach;Schweiz;Römisch-katholisch;46;1.5182319858474374e-4
Rümlingen;Bezirk Sissach;Schweiz;Christkatholisch;1;3.3005043170596467e-6
Rümlingen;Bezirk Sissach;Schweiz;Unbekannt;141;4.653711087054102e-4
Rümlingen;Bezirk Sissach;Ausland;Evangelisch-reformiert;3;9.901512951178941e-6
Rümlingen;Bezirk Sissach;Ausland;Römisch-katholisch;18;5.940907770707364e-5
Rümlingen;Bezirk Sissach;Ausland;Christkatholisch;2;6.601008634119293e-6
Rümlingen;Bezirk Sissach;Ausland;Unbekannt;71;2.3433580651123492e-4
Rünenberg;Bezirk Sissach;Schweiz;Evangelisch-reformiert;370;0.0012211865973120694
Rünenberg;Bezirk Sissach;Schweiz;Römisch-katholisch;86;2.838433712671296e-4
Rünenberg;Bezirk Sissach;Schweiz;Christkatholisch;1;3.3005043170596467e-6
Rünenberg;Bezirk Sissach;Schweiz;Unbekannt;259;8.548306181184485e-4
Rünenberg;Bezirk Sissach;Ausland;Evangelisch-reformiert;7;2.3103530219417528e-5
Rünenberg;Bezirk Sissach;Ausland;Römisch-katholisch;15;4.95075647558947e-5
Rünenberg;Bezirk Sissach;Ausland;Unbekannt;59;1.9472975470651916e-4
Sissach;Bezirk Sissach;Schweiz;Evangelisch-reformiert;2535;0.008366778443746205
Sissach;Bezirk Sissach;Schweiz;Römisch-katholisch;781;0.002577693871623584
Sissach;Bezirk Sissach;Schweiz;Christkatholisch;20;6.601008634119293e-5
Sissach;Bezirk Sissach;Schweiz;Unbekannt;2287;0.007548253373115412
Sissach;Bezirk Sissach;Ausland;Evangelisch-reformiert;61;2.0133076334063845e-4
Sissach;Bezirk Sissach;Ausland;Römisch-katholisch;293;9.670477648984764e-4
Sissach;Bezirk Sissach;Ausland;Christkatholisch;2;6.601008634119293e-6
Sissach;Bezirk Sissach;Ausland;Unbekannt;920;0.003036463971694875
Tecknau;Bezirk Sissach;Schweiz;Evangelisch-reformiert;225;7.426134713384205e-4
Tecknau;Bezirk Sissach;Schweiz;Römisch-katholisch;77;2.541388324135928e-4
Tecknau;Bezirk Sissach;Schweiz;Christkatholisch;1;3.3005043170596467e-6
Tecknau;Bezirk Sissach;Schweiz;Unbekannt;245;8.086235576796135e-4
Tecknau;Bezirk Sissach;Ausland;Evangelisch-reformiert;18;5.940907770707364e-5
Tecknau;Bezirk Sissach;Ausland;Römisch-katholisch;40;1.3202017268238586e-4
Tecknau;Bezirk Sissach;Ausland;Christkatholisch;1;3.3005043170596467e-6
Tecknau;Bezirk Sissach;Ausland;Unbekannt;227;7.492144799725398e-4
Tenniken;Bezirk Sissach;Schweiz;Evangelisch-reformiert;449;0.0014819264383597814
Tenniken;Bezirk Sissach;Schweiz;Römisch-katholisch;76;2.5083832809653315e-4
Tenniken;Bezirk Sissach;Schweiz;Unbekannt;291;9.604467562643572e-4
Tenniken;Bezirk Sissach;Ausland;Evangelisch-reformiert;13;4.2906556121775406e-5
Tenniken;Bezirk Sissach;Ausland;Römisch-katholisch;26;8.581311224355081e-5
Tenniken;Bezirk Sissach;Ausland;Unbekannt;89;2.9374488421830857e-4
Thürnen;Bezirk Sissach;Schweiz;Evangelisch-reformiert;521;0.001719562749188076
Thürnen;Bezirk Sissach;Schweiz;Römisch-katholisch;148;4.884746389248277e-4
Thürnen;Bezirk Sissach;Schweiz;Christkatholisch;1;3.3005043170596467e-6
Thürnen;Bezirk Sissach;Schweiz;Unbekannt;445;0.0014687244210915427
Thürnen;Bezirk Sissach;Ausland;Evangelisch-reformiert;9;2.970453885353682e-5
Thürnen;Bezirk Sissach;Ausland;Römisch-katholisch;87;2.8714387558418926e-4
Thürnen;Bezirk Sissach;Ausland;Christkatholisch;3;9.901512951178941e-6
Thürnen;Bezirk Sissach;Ausland;Unbekannt;256;8.449291051672695e-4
Wenslingen;Bezirk Sissach;Schweiz;Evangelisch-reformiert;384;0.0012673936577509044
Wenslingen;Bezirk Sissach;Schweiz;Römisch-katholisch;53;1.7492672880416128e-4
Wenslingen;Bezirk Sissach;Schweiz;Christkatholisch;1;3.3005043170596467e-6
Wenslingen;Bezirk Sissach;Schweiz;Unbekannt;233;7.690175058748977e-4
Wenslingen;Bezirk Sissach;Ausland;Evangelisch-reformiert;4;1.3202017268238587e-5
Wenslingen;Bezirk Sissach;Ausland;Römisch-katholisch;3;9.901512951178941e-6
Wenslingen;Bezirk Sissach;Ausland;Unbekannt;51;1.68325720170042e-4
Wintersingen;Bezirk Sissach;Schweiz;Evangelisch-reformiert;269;8.878356612890449e-4
Wintersingen;Bezirk Sissach;Schweiz;Römisch-katholisch;55;1.8152773743828056e-4
Wintersingen;Bezirk Sissach;Schweiz;Christkatholisch;9;2.970453885353682e-5
Wintersingen;Bezirk Sissach;Schweiz;Unbekannt;200;6.601008634119294e-4
Wintersingen;Bezirk Sissach;Ausland;Evangelisch-reformiert;5;1.6502521585298232e-5
Wintersingen;Bezirk Sissach;Ausland;Römisch-katholisch;22;7.261109497531223e-5
Wintersingen;Bezirk Sissach;Ausland;Unbekannt;48;1.5842420721886305e-4
Wittinsburg;Bezirk Sissach;Schweiz;Evangelisch-reformiert;264;8.713331397037467e-4
Wittinsburg;Bezirk Sissach;Schweiz;Römisch-katholisch;22;7.261109497531223e-5
Wittinsburg;Bezirk Sissach;Schweiz;Unbekannt;137;4.521690914371716e-4
Wittinsburg;Bezirk Sissach;Ausland;Evangelisch-reformiert;1;3.3005043170596467e-6
Wittinsburg;Bezirk Sissach;Ausland;Römisch-katholisch;5;1.6502521585298232e-5
Wittinsburg;Bezirk Sissach;Ausland;Unbekannt;36;1.1881815541414728e-4
Zeglingen;Bezirk Sissach;Schweiz;Evangelisch-reformiert;294;9.703482692155361e-4
Zeglingen;Bezirk Sissach;Schweiz;Römisch-katholisch;36;1.1881815541414728e-4
Zeglingen;Bezirk Sissach;Schweiz;Unbekannt;143;4.719721173395295e-4
Zeglingen;Bezirk Sissach;Ausland;Evangelisch-reformiert;2;6.601008634119293e-6
Zeglingen;Bezirk Sissach;Ausland;Römisch-katholisch;3;9.901512951178941e-6
Zeglingen;Bezirk Sissach;Ausland;Unbekannt;45;1.485226942676841e-4
Zunzgen;Bezirk Sissach;Schweiz;Evangelisch-reformiert;1007;0.0033236078472790643
Zunzgen;Bezirk Sissach;Schweiz;Römisch-katholisch;318;0.0010495603728249677
Zunzgen;Bezirk Sissach;Schweiz;Christkatholisch;3;9.901512951178941e-6
Zunzgen;Bezirk Sissach;Schweiz;Unbekannt;892;0.0029440498508172047
Zunzgen;Bezirk Sissach;Ausland;Evangelisch-reformiert;22;7.261109497531223e-5
Zunzgen;Bezirk Sissach;Ausland;Römisch-katholisch;163;5.379822036807225e-4
Zunzgen;Bezirk Sissach;Ausland;Unbekannt;411;0.0013565072743115148
Arboldswil;Bezirk Waldenburg;Schweiz;Evangelisch-reformiert;306;0.0010099543210202518
Arboldswil;Bezirk Waldenburg;Schweiz;Römisch-katholisch;33;1.0891664246296834e-4
Arboldswil;Bezirk Waldenburg;Schweiz;Unbekannt;199;6.568003590948696e-4
Arboldswil;Bezirk Waldenburg;Ausland;Evangelisch-reformiert;6;1.9803025902357882e-5
Arboldswil;Bezirk Waldenburg;Ausland;Römisch-katholisch;10;3.3005043170596465e-5
Arboldswil;Bezirk Waldenburg;Ausland;Unbekannt;53;1.7492672880416128e-4
Bennwil;Bezirk Waldenburg;Schweiz;Evangelisch-reformiert;377;0.0012442901275314868
Bennwil;Bezirk Waldenburg;Schweiz;Römisch-katholisch;69;2.277347978771156e-4
Bennwil;Bezirk Waldenburg;Schweiz;Christkatholisch;1;3.3005043170596467e-6
Bennwil;Bezirk Waldenburg;Schweiz;Unbekannt;182;6.006917857048557e-4
Bennwil;Bezirk Waldenburg;Ausland;Evangelisch-reformiert;5;1.6502521585298232e-5
Bennwil;Bezirk Waldenburg;Ausland;Römisch-katholisch;6;1.9803025902357882e-5
Bennwil;Bezirk Waldenburg;Ausland;Unbekannt;50;1.6502521585298234e-4
Bretzwil;Bezirk Waldenburg;Schweiz;Evangelisch-reformiert;317;0.001046259868507908
Bretzwil;Bezirk Waldenburg;Schweiz;Römisch-katholisch;81;2.673408496818314e-4
Bretzwil;Bezirk Waldenburg;Schweiz;Unbekannt;280;9.241412087767011e-4
Bretzwil;Bezirk Waldenburg;Ausland;Evangelisch-reformiert;8;2.6404034536477173e-5
Bretzwil;Bezirk Waldenburg;Ausland;Römisch-katholisch;9;2.970453885353682e-5
Bretzwil;Bezirk Waldenburg;Ausland;Unbekannt;51;1.68325720170042e-4
Diegten;Bezirk Waldenburg;Schweiz;Evangelisch-reformiert;689;0.0022740474744540966
Diegten;Bezirk Waldenburg;Schweiz;Römisch-katholisch;155;5.115781691442452e-4
Diegten;Bezirk Waldenburg;Schweiz;Christkatholisch;5;1.6502521585298232e-5
Diegten;Bezirk Waldenburg;Schweiz;Unbekannt;570;0.0018812874607239986
Diegten;Bezirk Waldenburg;Ausland;Evangelisch-reformiert;15;4.95075647558947e-5
Diegten;Bezirk Waldenburg;Ausland;Römisch-katholisch;46;1.5182319858474374e-4
Diegten;Bezirk Waldenburg;Ausland;Christkatholisch;5;1.6502521585298232e-5
Diegten;Bezirk Waldenburg;Ausland;Unbekannt;184;6.07292794338975e-4
Eptingen;Bezirk Waldenburg;Schweiz;Evangelisch-reformiert;262;8.647321310696275e-4
Eptingen;Bezirk Waldenburg;Schweiz;Römisch-katholisch;58;1.914292503894595e-4
Eptingen;Bezirk Waldenburg;Schweiz;Christkatholisch;2;6.601008634119293e-6
Eptingen;Bezirk Waldenburg;Schweiz;Unbekannt;158;5.214796820954241e-4
Eptingen;Bezirk Waldenburg;Ausland;Evangelisch-reformiert;5;1.6502521585298232e-5
Eptingen;Bezirk Waldenburg;Ausland;Römisch-katholisch;16;5.280806907295435e-5
Eptingen;Bezirk Waldenburg;Ausland;Christkatholisch;1;3.3005043170596467e-6
Eptingen;Bezirk Waldenburg;Ausland;Unbekannt;58;1.914292503894595e-4
Hölstein;Bezirk Waldenburg;Schweiz;Evangelisch-reformiert;931;0.003072769519182531
Hölstein;Bezirk Waldenburg;Schweiz;Römisch-katholisch;311;0.00102645684260555
Hölstein;Bezirk Waldenburg;Schweiz;Christkatholisch;6;1.9803025902357882e-5
Hölstein;Bezirk Waldenburg;Schweiz;Unbekannt;854;0.002818630686768938
Hölstein;Bezirk Waldenburg;Ausland;Evangelisch-reformiert;35;1.1551765109708763e-4
Hölstein;Bezirk Waldenburg;Ausland;Römisch-katholisch;125;4.1256303963245586e-4
Hölstein;Bezirk Waldenburg;Ausland;Unbekannt;411;0.0013565072743115148
Lampenberg;Bezirk Waldenburg;Schweiz;Evangelisch-reformiert;292;9.637472605814168e-4
Lampenberg;Bezirk Waldenburg;Schweiz;Römisch-katholisch;81;2.673408496818314e-4
Lampenberg;Bezirk Waldenburg;Schweiz;Unbekannt;159;5.247801864124838e-4
Lampenberg;Bezirk Waldenburg;Ausland;Evangelisch-reformiert;5;1.6502521585298232e-5
Lampenberg;Bezirk Waldenburg;Ausland;Römisch-katholisch;10;3.3005043170596465e-5
Lampenberg;Bezirk Waldenburg;Ausland;Unbekannt;37;1.2211865973120692e-4
Langenbruck;Bezirk Waldenburg;Schweiz;Evangelisch-reformiert;323;0.001066062894410266
Langenbruck;Bezirk Waldenburg;Schweiz;Römisch-katholisch;108;3.5645446624244187e-4
Langenbruck;Bezirk Waldenburg;Schweiz;Christkatholisch;5;1.6502521585298232e-5
Langenbruck;Bezirk Waldenburg;Schweiz;Unbekannt;346;0.0011419744937026378
Langenbruck;Bezirk Waldenburg;Ausland;Evangelisch-reformiert;13;4.2906556121775406e-5
Langenbruck;Bezirk Waldenburg;Ausland;Römisch-katholisch;49;1.6172471153592268e-4
Langenbruck;Bezirk Waldenburg;Ausland;Christkatholisch;2;6.601008634119293e-6
Langenbruck;Bezirk Waldenburg;Ausland;Unbekannt;154;5.082776648271856e-4
Lauwil;Bezirk Waldenburg;Schweiz;Evangelisch-reformiert;150;4.95075647558947e-4
Lauwil;Bezirk Waldenburg;Schweiz;Römisch-katholisch;24;7.921210360943153e-5
Lauwil;Bezirk Waldenburg;Schweiz;Unbekannt;119;3.92760013730098e-4
Lauwil;Bezirk Waldenburg;Ausland;Evangelisch-reformiert;3;9.901512951178941e-6
Lauwil;Bezirk Waldenburg;Ausland;Römisch-katholisch;2;6.601008634119293e-6
Lauwil;Bezirk Waldenburg;Ausland;Christkatholisch;1;3.3005043170596467e-6
Lauwil;Bezirk Waldenburg;Ausland;Unbekannt;26;8.581311224355081e-5
Liedertswil;Bezirk Waldenburg;Schweiz;Evangelisch-reformiert;88;2.904443799012489e-4
Liedertswil;Bezirk Waldenburg;Schweiz;Römisch-katholisch;19;6.270958202413329e-5
Liedertswil;Bezirk Waldenburg;Schweiz;Unbekannt;32;1.056161381459087e-4
Liedertswil;Bezirk Waldenburg;Ausland;Römisch-katholisch;3;9.901512951178941e-6
Liedertswil;Bezirk Waldenburg;Ausland;Unbekannt;11;3.6305547487656114e-5
Niederdorf;Bezirk Waldenburg;Schweiz;Evangelisch-reformiert;587;0.0019373960341140127
Niederdorf;Bezirk Waldenburg;Schweiz;Römisch-katholisch;242;7.987220447284345e-4
Niederdorf;Bezirk Waldenburg;Schweiz;Christkatholisch;2;6.601008634119293e-6
Niederdorf;Bezirk Waldenburg;Schweiz;Unbekannt;491;0.0016205476196762866
Niederdorf;Bezirk Waldenburg;Ausland;Evangelisch-reformiert;13;4.2906556121775406e-5
Niederdorf;Bezirk Waldenburg;Ausland;Römisch-katholisch;152;5.016766561930663e-4
Niederdorf;Bezirk Waldenburg;Ausland;Christkatholisch;2;6.601008634119293e-6
Niederdorf;Bezirk Waldenburg;Ausland;Unbekannt;316;0.0010429593641908483
Oberdorf (BL);Bezirk Waldenburg;Schweiz;Evangelisch-reformiert;924;0.0030496659889631137
Oberdorf (BL);Bezirk Waldenburg;Schweiz;Römisch-katholisch;312;0.0010297573469226098
Oberdorf (BL);Bezirk Waldenburg;Schweiz;Christkatholisch;4;1.3202017268238587e-5
Oberdorf (BL);Bezirk Waldenburg;Schweiz;Unbekannt;690;0.002277347978771156
Oberdorf (BL);Bezirk Waldenburg;Ausland;Evangelisch-reformiert;25;8.251260792649117e-5
Oberdorf (BL);Bezirk Waldenburg;Ausland;Römisch-katholisch;154;5.082776648271856e-4
Oberdorf (BL);Bezirk Waldenburg;Ausland;Christkatholisch;1;3.3005043170596467e-6
Oberdorf (BL);Bezirk Waldenburg;Ausland;Unbekannt;493;0.0016271486283104058
Reigoldswil;Bezirk Waldenburg;Schweiz;Evangelisch-reformiert;721;0.002379663612600005
Reigoldswil;Bezirk Waldenburg;Schweiz;Römisch-katholisch;121;3.9936102236421724e-4
Reigoldswil;Bezirk Waldenburg;Schweiz;Christkatholisch;2;6.601008634119293e-6
Reigoldswil;Bezirk Waldenburg;Schweiz;Unbekannt;537;0.0017723708182610302
Reigoldswil;Bezirk Waldenburg;Ausland;Evangelisch-reformiert;19;6.270958202413329e-5
Reigoldswil;Bezirk Waldenburg;Ausland;Römisch-katholisch;25;8.251260792649117e-5
Reigoldswil;Bezirk Waldenburg;Ausland;Unbekannt;170;5.610857339001399e-4
Titterten;Bezirk Waldenburg;Schweiz;Evangelisch-reformiert;208;6.865048979484065e-4
Titterten;Bezirk Waldenburg;Schweiz;Römisch-katholisch;25;8.251260792649117e-5
Titterten;Bezirk Waldenburg;Schweiz;Unbekannt;160;5.280806907295434e-4
Titterten;Bezirk Waldenburg;Ausland;Evangelisch-reformiert;5;1.6502521585298232e-5
Titterten;Bezirk Waldenburg;Ausland;Römisch-katholisch;6;1.9803025902357882e-5
Titterten;Bezirk Waldenburg;Ausland;Unbekannt;42;1.3862118131650517e-4
Waldenburg;Bezirk Waldenburg;Schweiz;Evangelisch-reformiert;306;0.0010099543210202518
Waldenburg;Bezirk Waldenburg;Schweiz;Römisch-katholisch;121;3.9936102236421724e-4
Waldenburg;Bezirk Waldenburg;Schweiz;Christkatholisch;1;3.3005043170596467e-6
Waldenburg;Bezirk Waldenburg;Schweiz;Unbekannt;340;0.0011221714678002798
Waldenburg;Bezirk Waldenburg;Ausland;Evangelisch-reformiert;19;6.270958202413329e-5
Waldenburg;Bezirk Waldenburg;Ausland;Römisch-katholisch;111;3.663559791936208e-4
Waldenburg;Bezirk Waldenburg;Ausland;Christkatholisch;1;3.3005043170596467e-6
Waldenburg;Bezirk Waldenburg;Ausland;Unbekannt;263;8.680326353866871e-4
